{"cameraMode":{"drawMode":0,"name":"Shaded","section":"Shading Mode"},"sceneLighting":true,"audioPlay":false,"sceneViewState":{"showFog":false,"showMaterialUpdate":false,"showSkybox":false,"showFlares":false,"showImageEffects":false,"showParticleSystems":false},"in2DMode":false,"pivot":{"x":113.75961303710938,"y":333.215087890625,"z":128.90020751953126},"rotation":{"x":0.04126180708408356,"y":-0.07934512943029404,"z":0.003286107210442424,"w":0.9959874749183655},"size":509.67120361328127,"orthographic":false}