{"cameraMode":{"drawMode":0,"name":"Shaded","section":"Shading Mode"},"sceneLighting":false,"audioPlay":false,"sceneViewState":{"showFog":false,"showMaterialUpdate":false,"showSkybox":false,"showFlares":false,"showImageEffects":false,"showParticleSystems":false},"in2DMode":false,"pivot":{"x":-0.9914298057556152,"y":8.461197853088379,"z":9.789294242858887},"rotation":{"x":-0.03802831098437309,"y":0.9315747618675232,"z":-0.34682804346084597,"w":-0.1021403819322586},"size":17.147302627563478,"orthographic":false}