{"cameraMode":{"drawMode":0,"name":"Shaded","section":"Shading Mode"},"sceneLighting":true,"audioPlay":false,"sceneViewState":{"showFog":true,"showMaterialUpdate":false,"showSkybox":true,"showFlares":true,"showImageEffects":true,"showParticleSystems":true},"in2DMode":false,"pivot":{"x":137.93609619140626,"y":-702.2799682617188,"z":-902.422607421875},"rotation":{"x":-0.025178657844662668,"y":-0.9430872797966003,"z":0.3233569264411926,"w":-0.0734352096915245},"size":1202.9248046875,"orthographic":false}